product_id,product_name,category,price,cost
P0001,Clothing Product 1,Clothing,154.01,87.51
P0002,Home Product 2,Home,193.44,114.98
P0003,Home Product 3,Home,193.88,105.32
P0004,Books Product 4,Books,105.89,54.29
P0005,Electronics Product 5,Electronics,127.49,63.77
P0006,Beauty Product 6,Beauty,196.73,142.45
P0007,Books Product 7,Books,68.93,47.69
P0008,Toys Product 8,Toys,72.74,45.38
P0009,Home Product 9,Home,92.49,59.6
P0010,Books Product 10,Books,193.66,114.42
P0011,Beauty Product 11,Beauty,59.49,42.95
P0012,Beauty Product 12,Beauty,184.04,80.48
P0013,Clothing Product 13,Clothing,144.95,103.5
P0014,Toys Product 14,Toys,10.22,6.11
P0015,Home Product 15,Home,56.34,29.86
P0016,Electronics Product 16,Electronics,46.3,29.03
P0017,Books Product 17,Books,162.64,74.33
P0018,Beauty Product 18,Beauty,95.11,41.1
P0019,Home Product 19,Home,176.27,140.87
P0020,Clothing Product 20,Clothing,30.72,19.06
P0021,Toys Product 21,Toys,33.71,17.97
P0022,Beauty Product 22,Beauty,48.61,34.99
P0023,Beauty Product 23,Beauty,121.65,70.31
P0024,Beauty Product 24,Beauty,161.61,85.14
P0025,Books Product 25,Books,65.16,31.0
P0026,Books Product 26,Books,16.26,12.89
P0027,Home Product 27,Home,100.54,43.83
P0028,Books Product 28,Books,176.59,135.86
P0029,Electronics Product 29,Electronics,180.65,138.96
P0030,Beauty Product 30,Beauty,139.86,102.82
P0031,Beauty Product 31,Beauty,62.37,45.2
P0032,Books Product 32,Books,180.06,114.5
P0033,Clothing Product 33,Clothing,120.14,69.71
P0034,Toys Product 34,Toys,131.83,89.66
P0035,Home Product 35,Home,25.65,16.55
P0036,Clothing Product 36,Clothing,121.54,64.92
P0037,Books Product 37,Books,56.18,38.91
P0038,Electronics Product 38,Electronics,144.01,79.04
P0039,Books Product 39,Books,73.18,53.16
P0040,Electronics Product 40,Electronics,158.79,117.84
P0041,Books Product 41,Books,18.59,11.7
P0042,Beauty Product 42,Beauty,124.41,53.45
P0043,Electronics Product 43,Electronics,130.65,83.95
P0044,Beauty Product 44,Beauty,32.74,14.29
P0045,Electronics Product 45,Electronics,16.91,6.91
P0046,Books Product 46,Books,146.44,86.65
P0047,Toys Product 47,Toys,162.14,125.62
P0048,Electronics Product 48,Electronics,113.4,73.51
P0049,Home Product 49,Home,23.3,9.99
P0050,Home Product 50,Home,76.56,36.15
P0051,Beauty Product 51,Beauty,98.75,63.06
P0052,Toys Product 52,Toys,197.76,94.87
P0053,Home Product 53,Home,181.84,106.94
P0054,Beauty Product 54,Beauty,42.19,28.23
P0055,Electronics Product 55,Electronics,159.84,74.05
P0056,Books Product 56,Books,75.04,37.54
P0057,Beauty Product 57,Beauty,185.07,123.3
P0058,Electronics Product 58,Electronics,99.61,56.18
P0059,Beauty Product 59,Beauty,176.21,135.15
P0060,Toys Product 60,Toys,77.86,57.23
P0061,Home Product 61,Home,39.15,26.48
P0062,Clothing Product 62,Clothing,150.9,80.64
P0063,Electronics Product 63,Electronics,113.42,51.49
P0064,Clothing Product 64,Clothing,76.92,39.63
P0065,Home Product 65,Home,122.15,92.44
P0066,Beauty Product 66,Beauty,35.15,18.42
P0067,Toys Product 67,Toys,88.74,58.6
P0068,Electronics Product 68,Electronics,122.97,83.55
P0069,Books Product 69,Books,55.49,36.34
P0070,Clothing Product 70,Clothing,144.97,97.06
P0071,Clothing Product 71,Clothing,15.99,11.97
P0072,Beauty Product 72,Beauty,89.46,59.48
P0073,Electronics Product 73,Electronics,41.48,17.65
P0074,Toys Product 74,Toys,39.96,24.42
P0075,Clothing Product 75,Clothing,182.53,117.11
P0076,Electronics Product 76,Electronics,177.94,106.38
P0077,Home Product 77,Home,169.17,71.04
P0078,Clothing Product 78,Clothing,45.72,36.57
P0079,Toys Product 79,Toys,195.93,144.0
P0080,Books Product 80,Books,197.5,110.74
P0081,Toys Product 81,Toys,89.32,35.85
P0082,Electronics Product 82,Electronics,146.29,58.65
P0083,Toys Product 83,Toys,110.39,48.47
P0084,Electronics Product 84,Electronics,125.59,60.21
P0085,Home Product 85,Home,63.2,50.02
P0086,Electronics Product 86,Electronics,100.37,77.2
P0087,Toys Product 87,Toys,25.46,12.98
P0088,Clothing Product 88,Clothing,161.97,72.29
P0089,Home Product 89,Home,35.35,21.51
P0090,Toys Product 90,Toys,132.54,59.12
P0091,Books Product 91,Books,62.9,25.63
P0092,Electronics Product 92,Electronics,49.09,24.73
P0093,Home Product 93,Home,189.84,147.2
P0094,Electronics Product 94,Electronics,170.81,134.0
P0095,Beauty Product 95,Beauty,134.52,92.14
P0096,Clothing Product 96,Clothing,131.63,72.26
P0097,Beauty Product 97,Beauty,43.87,24.14
P0098,Home Product 98,Home,11.69,5.38
P0099,Home Product 99,Home,74.13,40.54
P0100,Electronics Product 100,Electronics,74.27,48.14
P0101,Electronics Product 101,Electronics,61.23,28.15
P0102,Beauty Product 102,Beauty,65.01,36.27
P0103,Beauty Product 103,Beauty,34.63,15.44
P0104,Toys Product 104,Toys,55.54,23.29
P0105,Books Product 105,Books,172.84,119.51
P0106,Home Product 106,Home,86.6,46.02
P0107,Clothing Product 107,Clothing,30.64,19.13
P0108,Clothing Product 108,Clothing,100.06,73.68
P0109,Home Product 109,Home,33.62,15.01
P0110,Clothing Product 110,Clothing,91.04,47.41
P0111,Toys Product 111,Toys,140.55,64.97
P0112,Books Product 112,Books,129.08,71.02
P0113,Toys Product 113,Toys,26.52,19.18
P0114,Books Product 114,Books,152.48,64.72
P0115,Electronics Product 115,Electronics,28.63,17.82
P0116,Home Product 116,Home,95.22,56.7
P0117,Beauty Product 117,Beauty,145.74,70.96
P0118,Electronics Product 118,Electronics,79.98,63.61
P0119,Home Product 119,Home,121.19,56.55
P0120,Books Product 120,Books,78.12,33.24
P0121,Toys Product 121,Toys,15.25,9.31
P0122,Toys Product 122,Toys,48.32,28.94
P0123,Home Product 123,Home,49.37,20.58
P0124,Books Product 124,Books,128.45,56.76
P0125,Clothing Product 125,Clothing,81.83,50.62
P0126,Books Product 126,Books,29.9,19.09
P0127,Clothing Product 127,Clothing,38.2,21.48
P0128,Toys Product 128,Toys,90.42,55.02
P0129,Toys Product 129,Toys,184.24,97.46
P0130,Clothing Product 130,Clothing,199.65,130.58
P0131,Books Product 131,Books,113.13,87.4
P0132,Electronics Product 132,Electronics,74.64,58.59
P0133,Home Product 133,Home,165.44,68.52
P0134,Books Product 134,Books,176.15,112.92
P0135,Books Product 135,Books,170.04,107.67
P0136,Toys Product 136,Toys,144.21,84.82
P0137,Electronics Product 137,Electronics,108.14,82.86
P0138,Electronics Product 138,Electronics,52.77,21.97
P0139,Electronics Product 139,Electronics,154.19,89.34
P0140,Books Product 140,Books,162.12,121.18
P0141,Clothing Product 141,Clothing,194.03,116.81
P0142,Beauty Product 142,Beauty,105.46,66.39
P0143,Toys Product 143,Toys,160.89,97.69
P0144,Beauty Product 144,Beauty,198.2,138.5
P0145,Books Product 145,Books,65.04,49.46
P0146,Clothing Product 146,Clothing,166.88,98.94
P0147,Clothing Product 147,Clothing,125.41,61.88
P0148,Electronics Product 148,Electronics,134.83,53.94
P0149,Books Product 149,Books,67.46,42.37
P0150,Home Product 150,Home,22.47,16.72
P0151,Home Product 151,Home,156.77,86.8
P0152,Clothing Product 152,Clothing,21.83,14.33
P0153,Books Product 153,Books,55.4,38.32
P0154,Home Product 154,Home,20.55,8.52
P0155,Clothing Product 155,Clothing,36.77,27.8
P0156,Beauty Product 156,Beauty,146.27,97.92
P0157,Books Product 157,Books,163.95,88.71
P0158,Electronics Product 158,Electronics,126.24,70.02
P0159,Electronics Product 159,Electronics,29.28,20.83
P0160,Electronics Product 160,Electronics,16.17,10.46
P0161,Toys Product 161,Toys,71.54,48.65
P0162,Toys Product 162,Toys,75.87,41.98
P0163,Clothing Product 163,Clothing,31.09,13.18
P0164,Toys Product 164,Toys,98.77,64.49
P0165,Home Product 165,Home,133.59,105.24
P0166,Toys Product 166,Toys,128.19,91.71
P0167,Books Product 167,Books,192.11,106.63
P0168,Home Product 168,Home,184.21,137.98
P0169,Toys Product 169,Toys,196.85,88.31
P0170,Books Product 170,Books,17.26,9.61
P0171,Home Product 171,Home,153.76,89.52
P0172,Toys Product 172,Toys,24.31,10.16
P0173,Electronics Product 173,Electronics,102.37,77.85
P0174,Beauty Product 174,Beauty,136.64,85.91
P0175,Books Product 175,Books,53.63,38.11
P0176,Toys Product 176,Toys,158.09,107.41
P0177,Clothing Product 177,Clothing,106.35,82.76
P0178,Books Product 178,Books,90.93,56.96
P0179,Electronics Product 179,Electronics,187.79,106.34
P0180,Electronics Product 180,Electronics,88.88,41.1
P0181,Electronics Product 181,Electronics,160.36,91.8
P0182,Clothing Product 182,Clothing,15.73,12.08
P0183,Home Product 183,Home,147.28,63.54
P0184,Electronics Product 184,Electronics,33.06,22.37
P0185,Home Product 185,Home,76.1,30.74
P0186,Books Product 186,Books,165.61,70.92
P0187,Books Product 187,Books,49.52,23.86
P0188,Toys Product 188,Toys,149.1,113.37
P0189,Toys Product 189,Toys,11.37,6.23
P0190,Electronics Product 190,Electronics,187.23,92.33
P0191,Books Product 191,Books,45.53,20.26
P0192,Home Product 192,Home,144.42,72.68
P0193,Electronics Product 193,Electronics,193.64,105.51
P0194,Clothing Product 194,Clothing,192.57,99.85
P0195,Beauty Product 195,Beauty,130.82,61.96
P0196,Electronics Product 196,Electronics,29.49,18.65
P0197,Books Product 197,Books,81.55,37.41
P0198,Books Product 198,Books,162.83,85.71
P0199,Books Product 199,Books,54.96,26.03
P0200,Home Product 200,Home,89.76,37.56
P0201,Books Product 201,Books,124.23,69.26
P0202,Toys Product 202,Toys,23.91,13.58
P0203,Beauty Product 203,Beauty,89.18,68.72
P0204,Beauty Product 204,Beauty,90.22,59.07
P0205,Electronics Product 205,Electronics,57.13,37.31
P0206,Toys Product 206,Toys,190.3,80.52
P0207,Clothing Product 207,Clothing,11.6,9.1
P0208,Home Product 208,Home,93.85,51.49
P0209,Clothing Product 209,Clothing,27.3,12.95
P0210,Electronics Product 210,Electronics,62.62,39.03
P0211,Toys Product 211,Toys,39.24,26.72
P0212,Clothing Product 212,Clothing,45.22,25.72
P0213,Books Product 213,Books,57.11,33.2
P0214,Beauty Product 214,Beauty,37.09,21.7
P0215,Toys Product 215,Toys,26.43,18.55
P0216,Home Product 216,Home,10.35,7.03
P0217,Beauty Product 217,Beauty,97.78,47.67
P0218,Electronics Product 218,Electronics,156.04,101.67
P0219,Beauty Product 219,Beauty,125.74,71.63
P0220,Clothing Product 220,Clothing,27.59,16.53
P0221,Books Product 221,Books,113.31,63.69
P0222,Toys Product 222,Toys,196.96,88.3
P0223,Toys Product 223,Toys,17.7,8.9
P0224,Beauty Product 224,Beauty,179.21,122.58
P0225,Clothing Product 225,Clothing,29.39,14.73
P0226,Home Product 226,Home,175.55,117.45
P0227,Books Product 227,Books,123.13,51.0
P0228,Home Product 228,Home,68.06,36.48
P0229,Beauty Product 229,Beauty,173.3,131.06
P0230,Books Product 230,Books,22.94,17.08
P0231,Home Product 231,Home,108.77,68.48
P0232,Toys Product 232,Toys,49.95,22.08
P0233,Toys Product 233,Toys,113.28,78.91
P0234,Home Product 234,Home,65.53,35.96
P0235,Toys Product 235,Toys,36.18,16.26
P0236,Electronics Product 236,Electronics,82.47,52.49
P0237,Books Product 237,Books,116.33,60.44
P0238,Toys Product 238,Toys,99.81,56.5
P0239,Clothing Product 239,Clothing,102.88,61.79
P0240,Clothing Product 240,Clothing,133.89,56.78
P0241,Home Product 241,Home,37.13,22.21
P0242,Beauty Product 242,Beauty,50.99,27.64
P0243,Clothing Product 243,Clothing,178.82,72.25
P0244,Beauty Product 244,Beauty,195.99,132.25
P0245,Electronics Product 245,Electronics,140.4,97.83
P0246,Toys Product 246,Toys,85.07,46.32
P0247,Electronics Product 247,Electronics,127.97,102.36
P0248,Toys Product 248,Toys,142.94,98.75
P0249,Books Product 249,Books,36.73,23.11
P0250,Books Product 250,Books,30.04,17.55
P0251,Home Product 251,Home,82.98,44.17
P0252,Toys Product 252,Toys,180.47,103.61
P0253,Clothing Product 253,Clothing,187.31,85.98
P0254,Home Product 254,Home,34.55,26.4
P0255,Clothing Product 255,Clothing,76.34,60.57
P0256,Clothing Product 256,Clothing,163.3,90.76
P0257,Books Product 257,Books,161.16,92.78
P0258,Books Product 258,Books,121.44,50.99
P0259,Clothing Product 259,Clothing,16.32,10.66
P0260,Books Product 260,Books,79.09,55.15
P0261,Toys Product 261,Toys,42.94,27.67
P0262,Beauty Product 262,Beauty,26.46,19.78
P0263,Home Product 263,Home,156.57,117.93
P0264,Clothing Product 264,Clothing,97.08,63.37
P0265,Beauty Product 265,Beauty,136.47,89.99
P0266,Beauty Product 266,Beauty,186.65,144.4
P0267,Beauty Product 267,Beauty,96.37,48.37
P0268,Clothing Product 268,Clothing,50.93,25.79
P0269,Electronics Product 269,Electronics,19.99,10.79
P0270,Home Product 270,Home,134.38,61.3
P0271,Clothing Product 271,Clothing,139.3,109.81
P0272,Clothing Product 272,Clothing,115.98,56.64
P0273,Books Product 273,Books,74.51,32.85
P0274,Electronics Product 274,Electronics,161.01,85.2
P0275,Clothing Product 275,Clothing,179.76,90.28
P0276,Beauty Product 276,Beauty,18.43,10.09
P0277,Books Product 277,Books,175.29,94.36
P0278,Books Product 278,Books,57.74,39.93
P0279,Home Product 279,Home,69.32,51.57
P0280,Home Product 280,Home,101.6,76.08
P0281,Books Product 281,Books,18.46,14.28
P0282,Electronics Product 282,Electronics,11.75,7.03
P0283,Clothing Product 283,Clothing,19.02,13.76
P0284,Clothing Product 284,Clothing,97.5,43.61
P0285,Electronics Product 285,Electronics,55.82,40.78
P0286,Books Product 286,Books,88.66,68.06
P0287,Clothing Product 287,Clothing,126.42,91.93
P0288,Beauty Product 288,Beauty,153.42,112.26
P0289,Electronics Product 289,Electronics,192.19,96.07
P0290,Books Product 290,Books,34.34,25.7
P0291,Home Product 291,Home,70.72,40.59
P0292,Beauty Product 292,Beauty,180.93,116.52
P0293,Books Product 293,Books,145.1,103.16
P0294,Beauty Product 294,Beauty,124.89,76.74
P0295,Home Product 295,Home,61.78,25.12
P0296,Beauty Product 296,Beauty,158.86,69.83
P0297,Toys Product 297,Toys,88.79,43.26
P0298,Toys Product 298,Toys,199.46,80.3
P0299,Beauty Product 299,Beauty,107.9,80.24
P0300,Electronics Product 300,Electronics,83.09,42.29
P0301,Toys Product 301,Toys,117.29,57.69
P0302,Toys Product 302,Toys,143.66,95.43
P0303,Books Product 303,Books,150.58,114.54
P0304,Electronics Product 304,Electronics,108.45,72.65
P0305,Books Product 305,Books,80.91,47.91
P0306,Beauty Product 306,Beauty,42.56,30.81
P0307,Beauty Product 307,Beauty,105.92,57.92
P0308,Toys Product 308,Toys,14.8,6.69
P0309,Clothing Product 309,Clothing,39.5,18.59
P0310,Electronics Product 310,Electronics,35.76,17.26
P0311,Clothing Product 311,Clothing,118.2,80.17
P0312,Books Product 312,Books,54.71,24.78
P0313,Books Product 313,Books,154.39,83.58
P0314,Beauty Product 314,Beauty,35.18,21.09
P0315,Electronics Product 315,Electronics,127.04,52.14
P0316,Beauty Product 316,Beauty,78.14,45.5
P0317,Electronics Product 317,Electronics,192.14,119.55
P0318,Books Product 318,Books,135.56,81.05
P0319,Toys Product 319,Toys,101.37,53.28
P0320,Electronics Product 320,Electronics,59.24,38.02
P0321,Toys Product 321,Toys,46.3,24.38
P0322,Home Product 322,Home,82.98,35.16
P0323,Electronics Product 323,Electronics,69.88,48.83
P0324,Books Product 324,Books,75.2,43.35
P0325,Toys Product 325,Toys,135.36,66.38
P0326,Home Product 326,Home,137.6,71.82
P0327,Home Product 327,Home,118.98,50.36
P0328,Toys Product 328,Toys,38.73,15.83
P0329,Toys Product 329,Toys,21.65,10.75
P0330,Electronics Product 330,Electronics,52.9,35.0
P0331,Electronics Product 331,Electronics,165.98,89.29
P0332,Toys Product 332,Toys,90.3,68.35
P0333,Books Product 333,Books,95.3,43.54
P0334,Home Product 334,Home,43.62,23.19
P0335,Toys Product 335,Toys,87.64,35.39
P0336,Home Product 336,Home,111.4,80.41
P0337,Toys Product 337,Toys,143.94,101.28
P0338,Beauty Product 338,Beauty,185.09,104.31
P0339,Clothing Product 339,Clothing,42.55,25.54
P0340,Beauty Product 340,Beauty,175.08,106.02
P0341,Toys Product 341,Toys,142.92,61.72
P0342,Books Product 342,Books,169.63,123.54
P0343,Books Product 343,Books,189.73,148.49
P0344,Books Product 344,Books,151.13,111.13
P0345,Beauty Product 345,Beauty,41.98,18.11
P0346,Beauty Product 346,Beauty,29.7,19.35
P0347,Toys Product 347,Toys,38.51,24.68
P0348,Home Product 348,Home,74.65,51.9
P0349,Clothing Product 349,Clothing,15.18,11.73
P0350,Electronics Product 350,Electronics,104.31,56.68
P0351,Toys Product 351,Toys,38.65,19.11
P0352,Home Product 352,Home,40.83,28.63
P0353,Home Product 353,Home,61.27,36.57
P0354,Clothing Product 354,Clothing,12.81,7.84
P0355,Home Product 355,Home,114.59,90.63
P0356,Beauty Product 356,Beauty,118.39,59.78
P0357,Toys Product 357,Toys,17.28,9.64
P0358,Electronics Product 358,Electronics,86.72,51.89
P0359,Electronics Product 359,Electronics,61.88,49.4
P0360,Home Product 360,Home,139.34,88.17
P0361,Home Product 361,Home,199.04,140.29
P0362,Beauty Product 362,Beauty,108.09,59.93
P0363,Home Product 363,Home,49.7,31.13
P0364,Home Product 364,Home,162.91,126.62
P0365,Books Product 365,Books,121.37,83.51
P0366,Toys Product 366,Toys,176.37,82.02
P0367,Books Product 367,Books,72.83,50.91
P0368,Electronics Product 368,Electronics,121.14,50.94
P0369,Books Product 369,Books,190.94,104.12
P0370,Toys Product 370,Toys,65.75,39.31
P0371,Clothing Product 371,Clothing,124.13,98.68
P0372,Electronics Product 372,Electronics,159.78,100.25
P0373,Clothing Product 373,Clothing,33.91,26.17
P0374,Toys Product 374,Toys,101.28,78.86
P0375,Toys Product 375,Toys,157.94,110.39
P0376,Books Product 376,Books,23.35,18.08
P0377,Home Product 377,Home,190.46,89.43
P0378,Books Product 378,Books,22.02,14.44
P0379,Beauty Product 379,Beauty,30.91,18.59
P0380,Beauty Product 380,Beauty,124.96,87.71
P0381,Home Product 381,Home,69.17,28.05
P0382,Toys Product 382,Toys,63.28,31.85
P0383,Beauty Product 383,Beauty,115.37,91.84
P0384,Books Product 384,Books,144.06,82.5
P0385,Books Product 385,Books,170.5,119.35
P0386,Books Product 386,Books,159.08,108.26
P0387,Beauty Product 387,Beauty,82.99,48.6
P0388,Electronics Product 388,Electronics,116.7,65.9
P0389,Beauty Product 389,Beauty,161.71,113.86
P0390,Electronics Product 390,Electronics,78.82,62.47
P0391,Books Product 391,Books,139.25,90.84
P0392,Toys Product 392,Toys,143.02,58.3
P0393,Toys Product 393,Toys,57.35,43.4
P0394,Home Product 394,Home,45.18,31.77
P0395,Clothing Product 395,Clothing,24.81,14.37
P0396,Toys Product 396,Toys,145.63,108.57
P0397,Toys Product 397,Toys,29.08,13.82
P0398,Clothing Product 398,Clothing,185.48,143.04
P0399,Toys Product 399,Toys,85.0,43.24
P0400,Clothing Product 400,Clothing,177.54,125.95
P0401,Beauty Product 401,Beauty,72.27,37.78
P0402,Clothing Product 402,Clothing,12.08,6.04
P0403,Clothing Product 403,Clothing,83.46,59.27
P0404,Toys Product 404,Toys,137.88,93.6
P0405,Electronics Product 405,Electronics,120.71,65.4
P0406,Beauty Product 406,Beauty,34.09,23.32
P0407,Home Product 407,Home,166.18,92.93
P0408,Beauty Product 408,Beauty,35.71,15.45
P0409,Home Product 409,Home,78.59,33.62
P0410,Toys Product 410,Toys,31.05,19.13
P0411,Electronics Product 411,Electronics,69.76,51.38
P0412,Electronics Product 412,Electronics,69.81,53.2
P0413,Toys Product 413,Toys,62.27,41.62
P0414,Beauty Product 414,Beauty,38.02,28.39
P0415,Beauty Product 415,Beauty,21.37,9.62
P0416,Books Product 416,Books,183.02,124.84
P0417,Toys Product 417,Toys,155.17,64.97
P0418,Beauty Product 418,Beauty,18.26,11.36
P0419,Toys Product 419,Toys,142.49,79.07
P0420,Books Product 420,Books,75.49,47.89
P0421,Electronics Product 421,Electronics,25.34,11.9
P0422,Home Product 422,Home,48.3,24.36
P0423,Toys Product 423,Toys,144.65,103.13
P0424,Beauty Product 424,Beauty,187.75,150.09
P0425,Books Product 425,Books,153.77,89.11
P0426,Books Product 426,Books,17.33,10.99
P0427,Toys Product 427,Toys,107.32,81.39
P0428,Home Product 428,Home,165.38,70.89
P0429,Toys Product 429,Toys,160.29,103.28
P0430,Clothing Product 430,Clothing,109.23,74.69
P0431,Toys Product 431,Toys,35.63,25.25
P0432,Electronics Product 432,Electronics,113.25,82.47
P0433,Home Product 433,Home,10.47,7.43
P0434,Electronics Product 434,Electronics,91.27,49.37
P0435,Clothing Product 435,Clothing,73.8,40.68
P0436,Home Product 436,Home,197.58,147.11
P0437,Electronics Product 437,Electronics,35.86,27.62
P0438,Books Product 438,Books,149.41,60.91
P0439,Beauty Product 439,Beauty,46.74,26.43
P0440,Electronics Product 440,Electronics,142.78,102.62
P0441,Electronics Product 441,Electronics,124.09,89.07
P0442,Books Product 442,Books,78.0,57.26
P0443,Electronics Product 443,Electronics,87.56,50.46
P0444,Beauty Product 444,Beauty,181.35,127.41
P0445,Toys Product 445,Toys,68.85,50.92
P0446,Clothing Product 446,Clothing,88.32,36.41
P0447,Home Product 447,Home,46.19,25.64
P0448,Home Product 448,Home,28.3,11.62
P0449,Electronics Product 449,Electronics,43.65,28.22
P0450,Toys Product 450,Toys,180.43,95.47
P0451,Beauty Product 451,Beauty,151.74,102.87
P0452,Clothing Product 452,Clothing,25.29,10.64
P0453,Clothing Product 453,Clothing,160.24,119.12
P0454,Home Product 454,Home,15.28,9.26
P0455,Electronics Product 455,Electronics,73.39,57.4
P0456,Clothing Product 456,Clothing,193.95,89.55
P0457,Beauty Product 457,Beauty,128.85,66.34
P0458,Electronics Product 458,Electronics,10.14,5.43
P0459,Beauty Product 459,Beauty,142.24,66.03
P0460,Books Product 460,Books,131.62,65.42
P0461,Beauty Product 461,Beauty,72.37,29.64
P0462,Toys Product 462,Toys,138.9,58.01
P0463,Books Product 463,Books,130.78,69.5
P0464,Books Product 464,Books,76.9,35.79
P0465,Clothing Product 465,Clothing,97.95,73.52
P0466,Books Product 466,Books,83.44,59.1
P0467,Books Product 467,Books,186.76,75.13
P0468,Clothing Product 468,Clothing,146.51,68.68
P0469,Books Product 469,Books,13.71,10.0
P0470,Beauty Product 470,Beauty,10.7,4.48
P0471,Electronics Product 471,Electronics,118.87,54.57
P0472,Books Product 472,Books,137.98,76.16
P0473,Electronics Product 473,Electronics,89.56,56.17
P0474,Toys Product 474,Toys,73.26,36.57
P0475,Books Product 475,Books,79.17,38.53
P0476,Clothing Product 476,Clothing,23.88,13.45
P0477,Toys Product 477,Toys,76.61,33.6
P0478,Clothing Product 478,Clothing,56.67,31.32
P0479,Clothing Product 479,Clothing,55.61,32.95
P0480,Beauty Product 480,Beauty,23.11,11.58
P0481,Home Product 481,Home,178.16,97.76
P0482,Electronics Product 482,Electronics,124.77,88.82
P0483,Books Product 483,Books,62.49,40.27
P0484,Clothing Product 484,Clothing,193.18,85.51
P0485,Electronics Product 485,Electronics,37.4,20.83
P0486,Clothing Product 486,Clothing,148.89,117.71
P0487,Clothing Product 487,Clothing,185.67,127.24
P0488,Beauty Product 488,Beauty,97.78,45.75
P0489,Clothing Product 489,Clothing,88.11,56.05
P0490,Home Product 490,Home,154.75,68.86
P0491,Home Product 491,Home,75.63,49.27
P0492,Clothing Product 492,Clothing,129.75,91.0
P0493,Books Product 493,Books,176.66,88.87
P0494,Toys Product 494,Toys,120.9,62.68
P0495,Toys Product 495,Toys,17.88,11.1
P0496,Electronics Product 496,Electronics,139.62,70.87
P0497,Toys Product 497,Toys,49.55,22.48
P0498,Electronics Product 498,Electronics,126.49,58.98
P0499,Clothing Product 499,Clothing,119.57,70.0
P0500,Toys Product 500,Toys,145.05,97.52
P0501,Clothing Product 501,Clothing,113.53,70.57
P0502,Books Product 502,Books,39.06,18.19
P0503,Electronics Product 503,Electronics,109.81,79.9
P0504,Home Product 504,Home,180.97,117.51
P0505,Home Product 505,Home,146.12,78.04
P0506,Electronics Product 506,Electronics,162.49,124.41
P0507,Clothing Product 507,Clothing,156.95,79.21
P0508,Books Product 508,Books,75.07,45.09
P0509,Home Product 509,Home,111.29,50.95
P0510,Clothing Product 510,Clothing,197.06,137.45
P0511,Home Product 511,Home,54.56,41.79
P0512,Clothing Product 512,Clothing,75.84,59.12
P0513,Beauty Product 513,Beauty,68.17,38.45
P0514,Clothing Product 514,Clothing,164.46,110.74
P0515,Books Product 515,Books,38.05,24.1
P0516,Toys Product 516,Toys,143.85,111.37
P0517,Beauty Product 517,Beauty,30.29,21.56
P0518,Toys Product 518,Toys,48.93,32.18
P0519,Beauty Product 519,Beauty,31.13,21.03
P0520,Beauty Product 520,Beauty,42.04,18.25
P0521,Electronics Product 521,Electronics,11.99,9.08
P0522,Toys Product 522,Toys,101.33,44.92
P0523,Clothing Product 523,Clothing,80.13,54.38
P0524,Toys Product 524,Toys,102.44,72.76
P0525,Books Product 525,Books,116.71,85.3
P0526,Electronics Product 526,Electronics,158.3,95.49
P0527,Books Product 527,Books,14.9,9.79
P0528,Books Product 528,Books,176.95,107.38
P0529,Beauty Product 529,Beauty,135.52,77.96
P0530,Toys Product 530,Toys,86.95,35.52
P0531,Books Product 531,Books,184.74,86.56
P0532,Clothing Product 532,Clothing,117.34,89.94
P0533,Electronics Product 533,Electronics,132.37,74.4
P0534,Books Product 534,Books,106.29,61.88
P0535,Clothing Product 535,Clothing,127.8,64.86
P0536,Beauty Product 536,Beauty,103.15,67.87
P0537,Clothing Product 537,Clothing,60.41,29.72
P0538,Home Product 538,Home,40.31,29.86
P0539,Books Product 539,Books,96.81,75.99
P0540,Clothing Product 540,Clothing,84.72,66.18
P0541,Beauty Product 541,Beauty,27.53,16.32
P0542,Electronics Product 542,Electronics,66.37,36.09
P0543,Electronics Product 543,Electronics,36.34,27.1
P0544,Toys Product 544,Toys,35.99,22.44
P0545,Electronics Product 545,Electronics,16.28,9.15
P0546,Toys Product 546,Toys,153.51,91.51
P0547,Toys Product 547,Toys,30.34,17.88
P0548,Home Product 548,Home,176.19,94.65
P0549,Electronics Product 549,Electronics,140.29,69.68
P0550,Clothing Product 550,Clothing,169.33,88.83
P0551,Books Product 551,Books,11.7,6.34
P0552,Beauty Product 552,Beauty,186.04,81.24
P0553,Home Product 553,Home,119.0,58.37
P0554,Home Product 554,Home,193.08,143.71
P0555,Books Product 555,Books,54.01,41.82
P0556,Toys Product 556,Toys,157.49,104.57
P0557,Home Product 557,Home,63.75,41.12
P0558,Electronics Product 558,Electronics,86.23,51.75
P0559,Clothing Product 559,Clothing,53.44,36.54
P0560,Toys Product 560,Toys,184.01,105.4
P0561,Home Product 561,Home,194.81,137.72
P0562,Toys Product 562,Toys,198.68,148.34
P0563,Clothing Product 563,Clothing,181.68,81.44
P0564,Books Product 564,Books,75.36,37.49
P0565,Books Product 565,Books,186.63,99.89
P0566,Books Product 566,Books,30.9,17.11
P0567,Clothing Product 567,Clothing,98.32,57.49
P0568,Beauty Product 568,Beauty,167.41,81.74
P0569,Clothing Product 569,Clothing,105.42,62.69
P0570,Home Product 570,Home,108.4,43.43
P0571,Clothing Product 571,Clothing,70.26,53.14
P0572,Books Product 572,Books,165.95,95.01
P0573,Electronics Product 573,Electronics,119.32,49.66
P0574,Electronics Product 574,Electronics,60.06,41.45
P0575,Books Product 575,Books,31.49,22.64
P0576,Home Product 576,Home,15.37,12.01
P0577,Electronics Product 577,Electronics,82.71,33.23
P0578,Electronics Product 578,Electronics,166.09,106.69
P0579,Books Product 579,Books,25.5,14.95
P0580,Electronics Product 580,Electronics,108.84,70.59
P0581,Clothing Product 581,Clothing,22.69,10.68
P0582,Books Product 582,Books,53.12,30.07
P0583,Clothing Product 583,Clothing,163.4,93.84
P0584,Clothing Product 584,Clothing,195.45,81.4
P0585,Home Product 585,Home,15.43,8.31
P0586,Home Product 586,Home,167.14,112.13
P0587,Toys Product 587,Toys,35.53,21.56
P0588,Home Product 588,Home,189.59,130.05
P0589,Home Product 589,Home,14.59,6.66
P0590,Toys Product 590,Toys,35.82,17.3
P0591,Toys Product 591,Toys,70.71,40.2
P0592,Beauty Product 592,Beauty,32.86,14.53
P0593,Clothing Product 593,Clothing,33.66,25.49
P0594,Clothing Product 594,Clothing,43.95,27.21
P0595,Books Product 595,Books,89.08,49.07
P0596,Beauty Product 596,Beauty,106.03,77.19
P0597,Books Product 597,Books,96.22,52.0
P0598,Clothing Product 598,Clothing,14.54,10.02
P0599,Electronics Product 599,Electronics,114.97,90.07
P0600,Clothing Product 600,Clothing,52.56,26.09
P0601,Clothing Product 601,Clothing,100.27,49.26
P0602,Home Product 602,Home,78.4,46.61
P0603,Books Product 603,Books,194.09,118.19
P0604,Electronics Product 604,Electronics,45.65,35.29
P0605,Toys Product 605,Toys,137.9,107.35
P0606,Books Product 606,Books,75.13,40.1
P0607,Beauty Product 607,Beauty,162.98,115.11
P0608,Clothing Product 608,Clothing,84.16,39.98
P0609,Clothing Product 609,Clothing,46.49,25.87
P0610,Home Product 610,Home,178.66,120.21
P0611,Beauty Product 611,Beauty,45.65,24.25
P0612,Beauty Product 612,Beauty,185.39,127.0
P0613,Beauty Product 613,Beauty,120.71,55.63
P0614,Toys Product 614,Toys,127.36,96.74
P0615,Beauty Product 615,Beauty,186.47,119.2
P0616,Electronics Product 616,Electronics,56.16,42.79
P0617,Home Product 617,Home,115.61,55.33
P0618,Electronics Product 618,Electronics,21.83,10.85
P0619,Toys Product 619,Toys,125.89,83.63
P0620,Electronics Product 620,Electronics,173.77,122.14
P0621,Clothing Product 621,Clothing,185.68,121.37
P0622,Home Product 622,Home,178.23,95.4
P0623,Toys Product 623,Toys,46.51,25.54
P0624,Home Product 624,Home,146.33,81.41
P0625,Toys Product 625,Toys,70.33,56.03
P0626,Electronics Product 626,Electronics,37.85,26.56
P0627,Books Product 627,Books,191.23,106.63
P0628,Clothing Product 628,Clothing,144.47,69.92
P0629,Home Product 629,Home,143.8,58.74
P0630,Books Product 630,Books,26.64,15.05
P0631,Beauty Product 631,Beauty,176.04,99.39
P0632,Books Product 632,Books,130.34,102.22
P0633,Toys Product 633,Toys,35.91,23.6
P0634,Clothing Product 634,Clothing,68.64,42.39
P0635,Electronics Product 635,Electronics,24.87,19.6
P0636,Clothing Product 636,Clothing,152.93,73.65
P0637,Beauty Product 637,Beauty,153.87,80.76
P0638,Toys Product 638,Toys,14.41,10.42
P0639,Beauty Product 639,Beauty,193.91,79.73
P0640,Beauty Product 640,Beauty,79.83,46.8
P0641,Electronics Product 641,Electronics,122.77,62.78
P0642,Books Product 642,Books,82.72,57.77
P0643,Home Product 643,Home,53.38,33.95
P0644,Electronics Product 644,Electronics,18.36,9.66
P0645,Beauty Product 645,Beauty,117.08,49.8
P0646,Beauty Product 646,Beauty,101.09,53.35
P0647,Toys Product 647,Toys,175.71,78.48
P0648,Beauty Product 648,Beauty,136.24,106.93
P0649,Books Product 649,Books,178.18,79.75
P0650,Clothing Product 650,Clothing,57.1,37.21
P0651,Home Product 651,Home,83.02,44.63
P0652,Home Product 652,Home,127.07,83.21
P0653,Toys Product 653,Toys,166.65,102.78
P0654,Home Product 654,Home,107.92,43.77
P0655,Clothing Product 655,Clothing,165.71,108.52
P0656,Home Product 656,Home,73.0,39.25
P0657,Electronics Product 657,Electronics,126.56,71.77
P0658,Electronics Product 658,Electronics,57.79,25.52
P0659,Electronics Product 659,Electronics,173.63,110.16
P0660,Clothing Product 660,Clothing,16.59,12.21
P0661,Books Product 661,Books,75.99,47.35
P0662,Toys Product 662,Toys,51.22,24.12
P0663,Toys Product 663,Toys,192.76,107.87
P0664,Beauty Product 664,Beauty,142.69,82.13
P0665,Books Product 665,Books,61.14,48.25
P0666,Home Product 666,Home,195.03,120.71
P0667,Books Product 667,Books,51.05,37.33
P0668,Books Product 668,Books,62.6,41.68
P0669,Electronics Product 669,Electronics,25.82,18.79
P0670,Home Product 670,Home,175.72,125.26
P0671,Home Product 671,Home,16.67,10.75
P0672,Home Product 672,Home,162.64,75.89
P0673,Home Product 673,Home,196.02,118.61
P0674,Home Product 674,Home,174.36,75.94
P0675,Beauty Product 675,Beauty,111.06,62.6
P0676,Electronics Product 676,Electronics,122.78,71.85
P0677,Home Product 677,Home,43.09,21.39
P0678,Clothing Product 678,Clothing,137.99,71.02
P0679,Electronics Product 679,Electronics,168.74,110.59
P0680,Home Product 680,Home,24.47,19.34
P0681,Home Product 681,Home,70.22,43.48
P0682,Home Product 682,Home,19.2,13.12
P0683,Toys Product 683,Toys,108.15,54.49
P0684,Electronics Product 684,Electronics,159.33,90.41
P0685,Beauty Product 685,Beauty,52.83,41.22
P0686,Beauty Product 686,Beauty,103.0,59.69
P0687,Electronics Product 687,Electronics,90.49,42.33
P0688,Electronics Product 688,Electronics,53.89,38.97
P0689,Clothing Product 689,Clothing,15.82,6.84
P0690,Electronics Product 690,Electronics,166.65,126.93
P0691,Clothing Product 691,Clothing,12.89,9.04
P0692,Beauty Product 692,Beauty,88.64,54.15
P0693,Clothing Product 693,Clothing,63.52,35.68
P0694,Clothing Product 694,Clothing,142.5,109.83
P0695,Books Product 695,Books,144.74,107.35
P0696,Home Product 696,Home,48.47,22.32
P0697,Home Product 697,Home,159.89,75.87
P0698,Home Product 698,Home,113.39,53.58
P0699,Toys Product 699,Toys,89.3,67.28
P0700,Books Product 700,Books,56.24,35.09
P0701,Beauty Product 701,Beauty,139.43,97.32
P0702,Beauty Product 702,Beauty,197.65,102.73
P0703,Toys Product 703,Toys,150.98,103.99
P0704,Books Product 704,Books,21.85,10.21
P0705,Beauty Product 705,Beauty,83.7,46.36
P0706,Beauty Product 706,Beauty,103.7,46.74
P0707,Electronics Product 707,Electronics,111.23,84.5
P0708,Electronics Product 708,Electronics,12.0,8.39
P0709,Books Product 709,Books,151.68,88.0
P0710,Home Product 710,Home,197.09,155.54
P0711,Toys Product 711,Toys,85.3,58.9
P0712,Books Product 712,Books,121.35,84.5
P0713,Electronics Product 713,Electronics,154.71,65.2
P0714,Electronics Product 714,Electronics,141.69,70.79
P0715,Toys Product 715,Toys,157.81,111.19
P0716,Books Product 716,Books,123.97,93.23
P0717,Home Product 717,Home,12.56,5.77
P0718,Toys Product 718,Toys,78.02,57.1
P0719,Home Product 719,Home,105.33,71.13
P0720,Books Product 720,Books,14.28,10.32
P0721,Books Product 721,Books,125.63,67.31
P0722,Home Product 722,Home,93.67,55.28
P0723,Home Product 723,Home,188.14,128.01
P0724,Home Product 724,Home,76.31,49.99
P0725,Clothing Product 725,Clothing,85.21,47.76
P0726,Beauty Product 726,Beauty,66.6,48.35
P0727,Beauty Product 727,Beauty,170.23,80.95
P0728,Books Product 728,Books,60.38,28.2
P0729,Books Product 729,Books,163.47,99.22
P0730,Beauty Product 730,Beauty,157.74,95.04
P0731,Toys Product 731,Toys,100.41,53.89
P0732,Clothing Product 732,Clothing,67.31,51.33
P0733,Beauty Product 733,Beauty,19.91,13.77
P0734,Home Product 734,Home,97.18,41.55
P0735,Books Product 735,Books,123.47,91.65
P0736,Electronics Product 736,Electronics,166.84,81.19
P0737,Books Product 737,Books,127.45,97.23
P0738,Toys Product 738,Toys,78.47,56.87
P0739,Electronics Product 739,Electronics,138.15,91.55
P0740,Electronics Product 740,Electronics,125.44,96.76
P0741,Home Product 741,Home,192.84,95.35
P0742,Clothing Product 742,Clothing,150.28,111.7
P0743,Electronics Product 743,Electronics,120.59,85.96
P0744,Toys Product 744,Toys,14.7,6.89
P0745,Beauty Product 745,Beauty,111.02,60.07
P0746,Books Product 746,Books,175.41,97.1
P0747,Home Product 747,Home,45.05,21.24
P0748,Toys Product 748,Toys,38.72,24.65
P0749,Clothing Product 749,Clothing,121.49,94.3
P0750,Books Product 750,Books,182.13,76.8
P0751,Beauty Product 751,Beauty,15.96,10.52
P0752,Books Product 752,Books,105.47,59.88
P0753,Home Product 753,Home,130.26,84.74
P0754,Beauty Product 754,Beauty,45.92,19.5
P0755,Books Product 755,Books,70.06,55.49
P0756,Toys Product 756,Toys,62.13,49.13
P0757,Beauty Product 757,Beauty,183.43,93.15
P0758,Toys Product 758,Toys,24.8,17.9
P0759,Books Product 759,Books,180.63,109.28
P0760,Beauty Product 760,Beauty,145.82,93.79
P0761,Clothing Product 761,Clothing,137.48,88.4
P0762,Clothing Product 762,Clothing,155.59,104.95
P0763,Electronics Product 763,Electronics,121.06,53.82
P0764,Books Product 764,Books,151.88,90.05
P0765,Toys Product 765,Toys,148.5,100.06
P0766,Clothing Product 766,Clothing,59.82,42.71
P0767,Toys Product 767,Toys,77.58,56.64
P0768,Electronics Product 768,Electronics,11.53,7.42
P0769,Books Product 769,Books,178.79,100.7
P0770,Clothing Product 770,Clothing,178.33,93.68
P0771,Books Product 771,Books,26.16,14.57
P0772,Beauty Product 772,Beauty,152.41,74.69
P0773,Books Product 773,Books,88.36,67.85
P0774,Electronics Product 774,Electronics,18.96,13.51
P0775,Books Product 775,Books,116.45,79.34
P0776,Clothing Product 776,Clothing,86.9,68.75
P0777,Beauty Product 777,Beauty,20.41,15.0
P0778,Beauty Product 778,Beauty,37.63,29.22
P0779,Books Product 779,Books,132.41,84.14
P0780,Books Product 780,Books,167.85,105.85
P0781,Home Product 781,Home,60.9,29.52
P0782,Toys Product 782,Toys,11.71,7.66
P0783,Electronics Product 783,Electronics,109.46,77.86
P0784,Electronics Product 784,Electronics,131.5,60.73
P0785,Books Product 785,Books,168.2,101.41
P0786,Electronics Product 786,Electronics,191.12,76.94
P0787,Home Product 787,Home,169.14,90.0
P0788,Electronics Product 788,Electronics,26.37,12.73
P0789,Clothing Product 789,Clothing,73.04,43.39
P0790,Beauty Product 790,Beauty,110.02,47.57
P0791,Clothing Product 791,Clothing,82.9,46.53
P0792,Clothing Product 792,Clothing,114.74,69.7
P0793,Books Product 793,Books,37.31,20.89
P0794,Beauty Product 794,Beauty,69.54,52.27
P0795,Books Product 795,Books,39.62,21.93
P0796,Beauty Product 796,Beauty,32.02,13.68
P0797,Home Product 797,Home,117.41,63.51
P0798,Toys Product 798,Toys,175.18,103.49
P0799,Beauty Product 799,Beauty,164.83,114.98
P0800,Beauty Product 800,Beauty,98.68,53.1
P0801,Beauty Product 801,Beauty,17.14,9.49
P0802,Home Product 802,Home,75.03,45.39
P0803,Books Product 803,Books,119.13,70.3
P0804,Home Product 804,Home,92.69,60.03
P0805,Beauty Product 805,Beauty,14.62,8.82
P0806,Electronics Product 806,Electronics,118.28,49.19
P0807,Home Product 807,Home,44.17,22.43
P0808,Clothing Product 808,Clothing,153.63,115.67
P0809,Clothing Product 809,Clothing,10.25,6.76
P0810,Books Product 810,Books,134.33,79.38
P0811,Toys Product 811,Toys,178.56,120.24
P0812,Toys Product 812,Toys,40.54,16.92
P0813,Toys Product 813,Toys,101.25,67.17
P0814,Books Product 814,Books,168.29,114.12
P0815,Toys Product 815,Toys,176.95,105.02
P0816,Electronics Product 816,Electronics,144.37,115.43
P0817,Beauty Product 817,Beauty,166.92,111.56
P0818,Beauty Product 818,Beauty,93.92,59.3
P0819,Clothing Product 819,Clothing,117.9,87.97
P0820,Toys Product 820,Toys,37.38,21.37
P0821,Books Product 821,Books,80.04,41.47
P0822,Books Product 822,Books,58.43,29.02
P0823,Beauty Product 823,Beauty,174.52,131.59
P0824,Clothing Product 824,Clothing,55.25,29.56
P0825,Toys Product 825,Toys,37.83,18.82
P0826,Home Product 826,Home,114.57,70.42
P0827,Toys Product 827,Toys,123.32,93.41
P0828,Clothing Product 828,Clothing,101.17,68.46
P0829,Beauty Product 829,Beauty,78.01,38.98
P0830,Electronics Product 830,Electronics,112.76,85.91
P0831,Home Product 831,Home,84.04,50.82
P0832,Home Product 832,Home,170.37,89.64
P0833,Electronics Product 833,Electronics,18.23,14.27
P0834,Beauty Product 834,Beauty,167.94,124.07
P0835,Clothing Product 835,Clothing,25.38,15.24
P0836,Toys Product 836,Toys,102.42,74.31
P0837,Toys Product 837,Toys,151.12,102.76
P0838,Toys Product 838,Toys,83.22,62.03
P0839,Electronics Product 839,Electronics,179.58,95.87
P0840,Books Product 840,Books,154.95,100.1
P0841,Beauty Product 841,Beauty,93.24,57.73
P0842,Clothing Product 842,Clothing,172.02,101.95
P0843,Books Product 843,Books,189.75,82.71
P0844,Electronics Product 844,Electronics,199.15,142.62
P0845,Electronics Product 845,Electronics,106.16,43.21
P0846,Toys Product 846,Toys,120.68,64.25
P0847,Toys Product 847,Toys,165.17,131.78
P0848,Beauty Product 848,Beauty,54.64,22.76
P0849,Electronics Product 849,Electronics,166.48,115.21
P0850,Electronics Product 850,Electronics,165.0,123.44
P0851,Toys Product 851,Toys,34.39,26.03
P0852,Beauty Product 852,Beauty,110.93,82.73
P0853,Books Product 853,Books,62.77,29.09
P0854,Books Product 854,Books,122.17,59.91
P0855,Books Product 855,Books,176.43,88.77
P0856,Home Product 856,Home,37.6,24.31
P0857,Books Product 857,Books,24.9,18.91
P0858,Toys Product 858,Toys,87.32,68.19
P0859,Books Product 859,Books,175.37,71.35
P0860,Beauty Product 860,Beauty,135.11,90.69
P0861,Toys Product 861,Toys,61.46,46.67
P0862,Toys Product 862,Toys,127.41,86.19
P0863,Home Product 863,Home,160.44,111.44
P0864,Electronics Product 864,Electronics,179.91,131.26
P0865,Toys Product 865,Toys,119.72,48.05
P0866,Books Product 866,Books,37.64,23.16
P0867,Beauty Product 867,Beauty,70.56,34.43
P0868,Books Product 868,Books,96.76,64.41
P0869,Clothing Product 869,Clothing,53.97,35.6
P0870,Toys Product 870,Toys,62.31,42.56
P0871,Electronics Product 871,Electronics,76.46,38.91
P0872,Beauty Product 872,Beauty,121.84,62.51
P0873,Home Product 873,Home,114.95,48.99
P0874,Clothing Product 874,Clothing,31.62,20.11
P0875,Toys Product 875,Toys,28.09,20.81
P0876,Toys Product 876,Toys,175.35,134.34
P0877,Books Product 877,Books,90.29,68.48
P0878,Beauty Product 878,Beauty,47.07,33.73
P0879,Toys Product 879,Toys,23.0,13.25
P0880,Home Product 880,Home,81.47,34.26
P0881,Clothing Product 881,Clothing,149.76,82.9
P0882,Books Product 882,Books,156.72,107.35
P0883,Beauty Product 883,Beauty,38.87,16.09
P0884,Beauty Product 884,Beauty,94.3,66.44
P0885,Clothing Product 885,Clothing,49.93,24.04
P0886,Electronics Product 886,Electronics,28.54,16.01
P0887,Beauty Product 887,Beauty,137.96,96.54
P0888,Books Product 888,Books,16.13,7.96
P0889,Electronics Product 889,Electronics,123.72,69.6
P0890,Beauty Product 890,Beauty,50.4,24.17
P0891,Clothing Product 891,Clothing,27.26,20.99
P0892,Electronics Product 892,Electronics,107.51,68.97
P0893,Beauty Product 893,Beauty,119.6,78.41
P0894,Clothing Product 894,Clothing,124.14,92.59
P0895,Home Product 895,Home,137.8,81.1
P0896,Toys Product 896,Toys,124.54,51.25
P0897,Home Product 897,Home,196.25,140.39
P0898,Toys Product 898,Toys,132.45,104.62
P0899,Clothing Product 899,Clothing,50.9,34.25
P0900,Electronics Product 900,Electronics,37.24,21.65
P0901,Electronics Product 901,Electronics,124.81,91.66
P0902,Home Product 902,Home,84.51,58.75
P0903,Toys Product 903,Toys,180.48,93.67
P0904,Toys Product 904,Toys,26.85,12.08
P0905,Clothing Product 905,Clothing,80.41,52.15
P0906,Electronics Product 906,Electronics,53.72,24.41
P0907,Books Product 907,Books,172.81,102.64
P0908,Books Product 908,Books,108.27,70.74
P0909,Toys Product 909,Toys,138.66,61.88
P0910,Home Product 910,Home,70.84,48.87
P0911,Home Product 911,Home,181.7,133.79
P0912,Books Product 912,Books,198.99,121.1
P0913,Clothing Product 913,Clothing,133.69,92.92
P0914,Clothing Product 914,Clothing,16.74,9.65
P0915,Home Product 915,Home,129.6,59.88
P0916,Books Product 916,Books,167.72,99.91
P0917,Books Product 917,Books,121.23,90.98
P0918,Clothing Product 918,Clothing,60.33,29.24
P0919,Books Product 919,Books,36.47,27.95
P0920,Beauty Product 920,Beauty,90.53,42.71
P0921,Electronics Product 921,Electronics,66.79,39.28
P0922,Electronics Product 922,Electronics,139.67,92.04
P0923,Electronics Product 923,Electronics,29.19,14.54
P0924,Electronics Product 924,Electronics,15.72,10.76
P0925,Beauty Product 925,Beauty,26.39,19.23
P0926,Toys Product 926,Toys,121.31,82.62
P0927,Clothing Product 927,Clothing,40.87,26.57
P0928,Toys Product 928,Toys,166.27,129.57
P0929,Beauty Product 929,Beauty,40.37,24.17
P0930,Toys Product 930,Toys,56.21,27.58
P0931,Toys Product 931,Toys,124.2,87.78
P0932,Books Product 932,Books,174.19,137.36
P0933,Beauty Product 933,Beauty,127.92,54.64
P0934,Home Product 934,Home,28.14,18.27
P0935,Beauty Product 935,Beauty,158.21,99.88
P0936,Electronics Product 936,Electronics,144.57,66.0
P0937,Clothing Product 937,Clothing,21.14,11.27
P0938,Toys Product 938,Toys,87.48,66.68
P0939,Home Product 939,Home,134.05,65.0
P0940,Electronics Product 940,Electronics,122.59,56.1
P0941,Beauty Product 941,Beauty,50.47,26.64
P0942,Electronics Product 942,Electronics,155.39,88.31
P0943,Beauty Product 943,Beauty,114.07,51.52
P0944,Home Product 944,Home,145.99,96.69
P0945,Clothing Product 945,Clothing,185.56,96.36
P0946,Clothing Product 946,Clothing,133.32,67.71
P0947,Toys Product 947,Toys,59.75,42.42
P0948,Electronics Product 948,Electronics,79.91,46.35
P0949,Clothing Product 949,Clothing,193.55,112.05
P0950,Toys Product 950,Toys,157.58,81.02
P0951,Beauty Product 951,Beauty,156.67,92.01
P0952,Beauty Product 952,Beauty,151.28,72.29
P0953,Electronics Product 953,Electronics,60.69,44.66
P0954,Toys Product 954,Toys,58.85,34.95
P0955,Clothing Product 955,Clothing,60.3,33.87
P0956,Beauty Product 956,Beauty,104.51,81.54
P0957,Books Product 957,Books,141.86,68.53
P0958,Home Product 958,Home,144.61,107.63
P0959,Electronics Product 959,Electronics,134.93,77.51
P0960,Home Product 960,Home,128.19,98.47
P0961,Home Product 961,Home,87.96,67.95
P0962,Toys Product 962,Toys,33.55,18.22
P0963,Toys Product 963,Toys,183.3,105.68
P0964,Toys Product 964,Toys,169.19,96.62
P0965,Clothing Product 965,Clothing,87.93,55.72
P0966,Electronics Product 966,Electronics,115.95,67.38
P0967,Electronics Product 967,Electronics,12.96,9.35
P0968,Toys Product 968,Toys,83.39,49.37
P0969,Clothing Product 969,Clothing,131.04,57.48
P0970,Electronics Product 970,Electronics,138.31,71.72
P0971,Books Product 971,Books,67.26,41.08
P0972,Beauty Product 972,Beauty,137.07,73.33
P0973,Books Product 973,Books,10.29,5.51
P0974,Home Product 974,Home,95.94,45.99
P0975,Home Product 975,Home,177.49,111.57
P0976,Home Product 976,Home,113.71,88.13
P0977,Clothing Product 977,Clothing,12.82,5.15
P0978,Home Product 978,Home,147.7,77.54
P0979,Electronics Product 979,Electronics,105.19,54.75
P0980,Electronics Product 980,Electronics,29.45,19.04
P0981,Toys Product 981,Toys,21.58,16.58
P0982,Electronics Product 982,Electronics,139.96,80.87
P0983,Books Product 983,Books,98.4,74.95
P0984,Toys Product 984,Toys,41.88,28.56
P0985,Beauty Product 985,Beauty,15.18,8.37
P0986,Electronics Product 986,Electronics,29.08,12.6
P0987,Clothing Product 987,Clothing,49.65,34.22
P0988,Books Product 988,Books,97.99,62.5
P0989,Beauty Product 989,Beauty,169.02,80.22
P0990,Toys Product 990,Toys,163.19,103.72
P0991,Beauty Product 991,Beauty,54.4,29.31
P0992,Home Product 992,Home,99.85,74.01
P0993,Toys Product 993,Toys,98.84,68.97
P0994,Home Product 994,Home,75.47,53.6
P0995,Books Product 995,Books,177.02,134.54
P0996,Home Product 996,Home,132.11,72.52
P0997,Beauty Product 997,Beauty,159.79,108.85
P0998,Toys Product 998,Toys,56.97,45.17
P0999,Clothing Product 999,Clothing,148.55,108.06
P1000,Books Product 1000,Books,47.57,26.42
